
{
  "header": {
    "reportVersion": 1,
    "event": "Allocation failed - JavaScript heap out of memory",
    "trigger": "FatalError",
    "filename": "report.20200501.190916.13384.0.001.json",
    "dumpEventTime": "2020-05-01T19:09:16Z",
    "dumpEventTimeStamp": "1588352956618",
    "processId": 13384,
    "cwd": "C:\\Users\\verha\\Google Drive\\2MCT\\Concept Visualisation\\Eindopdracht\\evelyn\\evelyn",
    "commandLine": [
      "node",
      "C:\\Users\\verha\\Google Drive\\2MCT\\Concept Visualisation\\Eindopdracht\\evelyn\\evelyn\\node_modules\\.bin\\\\..\\browser-sync\\dist\\bin.js",
      "start",
      "--server",
      "--files",
      "dist/css/*.css, dist/js/*.js, **/*.html, !node_modules/**/*.html"
    ],
    "nodejsVersion": "v13.8.0",
    "wordSize": 64,
    "arch": "x64",
    "platform": "win32",
    "componentVersions": {
      "node": "13.8.0",
      "v8": "7.9.317.25-node.28",
      "uv": "1.34.1",
      "zlib": "1.2.11",
      "brotli": "1.0.7",
      "ares": "1.15.0",
      "modules": "79",
      "nghttp2": "1.40.0",
      "napi": "5",
      "llhttp": "2.0.4",
      "openssl": "1.1.1d",
      "cldr": "36.0",
      "icu": "65.1",
      "tz": "2019c",
      "unicode": "12.1"
    },
    "release": {
      "name": "node",
      "headersUrl": "https://nodejs.org/download/release/v13.8.0/node-v13.8.0-headers.tar.gz",
      "sourceUrl": "https://nodejs.org/download/release/v13.8.0/node-v13.8.0.tar.gz",
      "libUrl": "https://nodejs.org/download/release/v13.8.0/win-x64/node.lib"
    },
    "osName": "Windows_NT",
    "osRelease": "10.0.18362",
    "osVersion": "Windows 10 Home",
    "osMachine": "x86_64",
    "cpus": [
      {
        "model": "Intel(R) Core(TM) i7-6700HQ CPU @ 2.60GHz",
        "speed": 2592,
        "user": 2229531,
        "nice": 0,
        "sys": 1579781,
        "idle": 19921578,
        "irq": 532578
      },
      {
        "model": "Intel(R) Core(TM) i7-6700HQ CPU @ 2.60GHz",
        "speed": 2592,
        "user": 2382781,
        "nice": 0,
        "sys": 1116578,
        "idle": 20231296,
        "irq": 168218
      },
      {
        "model": "Intel(R) Core(TM) i7-6700HQ CPU @ 2.60GHz",
        "speed": 2592,
        "user": 5301234,
        "nice": 0,
        "sys": 1476484,
        "idle": 16952921,
        "irq": 108328
      },
      {
        "model": "Intel(R) Core(TM) i7-6700HQ CPU @ 2.60GHz",
        "speed": 2592,
        "user": 2169750,
        "nice": 0,
        "sys": 1116265,
        "idle": 20444625,
        "irq": 481781
      },
      {
        "model": "Intel(R) Core(TM) i7-6700HQ CPU @ 2.60GHz",
        "speed": 2592,
        "user": 3918859,
        "nice": 0,
        "sys": 1294750,
        "idle": 18517031,
        "irq": 148390
      },
      {
        "model": "Intel(R) Core(TM) i7-6700HQ CPU @ 2.60GHz",
        "speed": 2592,
        "user": 1710062,
        "nice": 0,
        "sys": 665968,
        "idle": 21354609,
        "irq": 42203
      },
      {
        "model": "Intel(R) Core(TM) i7-6700HQ CPU @ 2.60GHz",
        "speed": 2592,
        "user": 2936515,
        "nice": 0,
        "sys": 927953,
        "idle": 19866171,
        "irq": 38562
      },
      {
        "model": "Intel(R) Core(TM) i7-6700HQ CPU @ 2.60GHz",
        "speed": 2592,
        "user": 1941281,
        "nice": 0,
        "sys": 1214015,
        "idle": 20575343,
        "irq": 48546
      }
    ],
    "networkInterfaces": [
      {
        "name": "Wi-Fi",
        "internal": false,
        "mac": "08:d4:0c:64:3e:da",
        "address": "2a02:a03f:e3eb:6e00:bcc5:2be3:46e3:6420",
        "netmask": "ffff:ffff:ffff:ffff::",
        "family": "IPv6",
        "scopeid": 0
      },
      {
        "name": "Wi-Fi",
        "internal": false,
        "mac": "08:d4:0c:64:3e:da",
        "address": "fd2c:3d34:66e:0:bcc5:2be3:46e3:6420",
        "netmask": "ffff:ffff:ffff:ffff::",
        "family": "IPv6",
        "scopeid": 0
      },
      {
        "name": "Wi-Fi",
        "internal": false,
        "mac": "08:d4:0c:64:3e:da",
        "address": "2a02:a03f:e3eb:6e00:283a:6ce1:b1df:1e6a",
        "netmask": "ffff:ffff:ffff:ffff:ffff:ffff:ffff:ffff",
        "family": "IPv6",
        "scopeid": 0
      },
      {
        "name": "Wi-Fi",
        "internal": false,
        "mac": "08:d4:0c:64:3e:da",
        "address": "fd2c:3d34:66e:0:283a:6ce1:b1df:1e6a",
        "netmask": "ffff:ffff:ffff:ffff:ffff:ffff:ffff:ffff",
        "family": "IPv6",
        "scopeid": 0
      },
      {
        "name": "Wi-Fi",
        "internal": false,
        "mac": "08:d4:0c:64:3e:da",
        "address": "fe80::bcc5:2be3:46e3:6420",
        "netmask": "ffff:ffff:ffff:ffff::",
        "family": "IPv6",
        "scopeid": 12
      },
      {
        "name": "Wi-Fi",
        "internal": false,
        "mac": "08:d4:0c:64:3e:da",
        "address": "192.168.1.50",
        "netmask": "255.255.255.0",
        "family": "IPv4"
      },
      {
        "name": "Loopback Pseudo-Interface 1",
        "internal": true,
        "mac": "00:00:00:00:00:00",
        "address": "::1",
        "netmask": "ffff:ffff:ffff:ffff:ffff:ffff:ffff:ffff",
        "family": "IPv6",
        "scopeid": 0
      },
      {
        "name": "Loopback Pseudo-Interface 1",
        "internal": true,
        "mac": "00:00:00:00:00:00",
        "address": "127.0.0.1",
        "netmask": "255.0.0.0",
        "family": "IPv4"
      }
    ],
    "host": "DESKTOP-LVIFQMR"
  },
  "javascriptStack": {
    "message": "No stack.",
    "stack": [
      "Unavailable."
    ]
  },
  "nativeStack": [
    {
      "pc": "0x00007ff715fb1c09",
      "symbol": "std::basic_ostream<char,std::char_traits<char> >::operator<<+10857"
    },
    {
      "pc": "0x00007ff715fb5f7c",
      "symbol": "std::basic_ostream<char,std::char_traits<char> >::operator<<+28124"
    },
    {
      "pc": "0x00007ff715fb4f38",
      "symbol": "std::basic_ostream<char,std::char_traits<char> >::operator<<+23960"
    },
    {
      "pc": "0x00007ff7160aec1b",
      "symbol": "v8::base::CPU::has_sse+38187"
    },
    {
      "pc": "0x00007ff7168d803e",
      "symbol": "v8::Isolate::ReportExternalAllocationLimitReached+94"
    },
    {
      "pc": "0x00007ff7168bf791",
      "symbol": "v8::SharedArrayBuffer::Externalize+785"
    },
    {
      "pc": "0x00007ff7167867fc",
      "symbol": "v8::internal::Heap::EphemeronKeyWriteBarrierFromCode+1468"
    },
    {
      "pc": "0x00007ff716791b40",
      "symbol": "v8::internal::Heap::ProtectUnprotectedMemoryChunks+1312"
    },
    {
      "pc": "0x00007ff71678e634",
      "symbol": "v8::internal::Heap::PageFlagsAreConsistent+3188"
    },
    {
      "pc": "0x00007ff716783d43",
      "symbol": "v8::internal::Heap::CollectGarbage+1283"
    },
    {
      "pc": "0x00007ff7167824d4",
      "symbol": "v8::internal::Heap::AllocateExternalBackingStore+1396"
    },
    {
      "pc": "0x00007ff7167a45a4",
      "symbol": "v8::internal::Factory::NewFillerObject+196"
    },
    {
      "pc": "0x00007ff7164fe891",
      "symbol": "v8::internal::interpreter::JumpTableTargetOffsets::iterator::operator=+1681"
    },
    {
      "pc": "0x00007ff716d2165d",
      "symbol": "v8::internal::SetupIsolateDelegate::SetupHeap+517453"
    },
    {
      "pc": "0x00007ff716d224d5",
      "symbol": "v8::internal::SetupIsolateDelegate::SetupHeap+521157"
    },
    {
      "pc": "0x000000f5a10930e2",
      "symbol": ""
    }
  ],
  "javascriptHeap": {
    "totalMemory": 2151780352,
    "totalCommittedMemory": 2151780352,
    "usedMemory": 2144765144,
    "availableMemory": 48475384,
    "memoryLimit": 2197815296,
    "heapSpaces": {
      "read_only_space": {
        "memorySize": 262144,
        "committedMemory": 262144,
        "capacity": 33040,
        "used": 33040,
        "available": 0
      },
      "new_space": {
        "memorySize": 2097152,
        "committedMemory": 2097152,
        "capacity": 1047424,
        "used": 166472,
        "available": 880952
      },
      "old_space": {
        "memorySize": 2144477184,
        "committedMemory": 2144477184,
        "capacity": 2140750080,
        "used": 2140238016,
        "available": 512064
      },
      "code_space": {
        "memorySize": 954368,
        "committedMemory": 954368,
        "capacity": 813600,
        "used": 813600,
        "available": 0
      },
      "map_space": {
        "memorySize": 1052672,
        "committedMemory": 1052672,
        "capacity": 646960,
        "used": 646960,
        "available": 0
      },
      "large_object_space": {
        "memorySize": 2887680,
        "committedMemory": 2887680,
        "capacity": 2864272,
        "used": 2864272,
        "available": 0
      },
      "code_large_object_space": {
        "memorySize": 49152,
        "committedMemory": 49152,
        "capacity": 2784,
        "used": 2784,
        "available": 0
      },
      "new_large_object_space": {
        "memorySize": 0,
        "committedMemory": 0,
        "capacity": 1047424,
        "used": 0,
        "available": 1047424
      }
    }
  },
  "resourceUsage": {
    "userCpuSeconds": 392.546,
    "kernelCpuSeconds": 362.921,
    "cpuConsumptionPercent": 11.5356,
    "maxRss": 3154018304,
    "pageFaults": {
      "IORequired": 2334120,
      "IONotRequired": 0
    },
    "fsActivity": {
      "reads": 908,
      "writes": 6
    }
  },
  "libuv": [
  ],
  "environmentVariables": {
    "=C:": "C:\\Users\\verha\\Google Drive\\2MCT\\Concept Visualisation\\Eindopdracht\\evelyn\\evelyn",
    "ALLUSERSPROFILE": "C:\\ProgramData",
    "APPDATA": "C:\\Users\\verha\\AppData\\Roaming",
    "ChocolateyInstall": "C:\\ProgramData\\chocolatey",
    "ChocolateyLastPathUpdate": "132316840374078217",
    "COLORTERM": "truecolor",
    "CommonProgramFiles": "C:\\Program Files\\Common Files",
    "CommonProgramFiles(x86)": "C:\\Program Files (x86)\\Common Files",
    "CommonProgramW6432": "C:\\Program Files\\Common Files",
    "COMPUTERNAME": "DESKTOP-LVIFQMR",
    "ComSpec": "C:\\Windows\\system32\\cmd.exe",
    "dp0": "C:\\Users\\verha\\Google Drive\\2MCT\\Concept Visualisation\\Eindopdracht\\evelyn\\evelyn\\node_modules\\.bin\\",
    "DriverData": "C:\\Windows\\System32\\Drivers\\DriverData",
    "FPS_BROWSER_APP_PROFILE_STRING": "Internet Explorer",
    "FPS_BROWSER_USER_PROFILE_STRING": "Default",
    "HOME": "C:\\Users\\verha",
    "HOMEDRIVE": "C:",
    "HOMEPATH": "\\Users\\verha",
    "INIT_CWD": "C:\\Users\\verha\\Google Drive\\2MCT\\Concept Visualisation\\Eindopdracht\\evelyn\\evelyn",
    "INTEL_DEV_REDIST": "C:\\Program Files (x86)\\Common Files\\Intel\\Shared Libraries\\",
    "LANG": "nl_NL.UTF-8",
    "LOCALAPPDATA": "C:\\Users\\verha\\AppData\\Local",
    "LOGONSERVER": "\\\\DESKTOP-LVIFQMR",
    "MIC_LD_LIBRARY_PATH": "C:\\Program Files (x86)\\Common Files\\Intel\\Shared Libraries\\compiler\\lib\\mic",
    "NODE": "C:\\Program Files\\nodejs\\node.exe",
    "NODE_EXE": "C:\\Program Files\\nodejs\\\\node.exe",
    "NPM_CLI_JS": "C:\\Program Files\\nodejs\\\\node_modules\\npm\\bin\\npm-cli.js",
    "npm_config_access": "",
    "npm_config_allow_same_version": "",
    "npm_config_also": "",
    "npm_config_always_auth": "",
    "npm_config_argv": "{\"remain\":[],\"cooked\":[\"run\",\"serve\"],\"original\":[\"run\",\"serve\"]}",
    "npm_config_audit": "true",
    "npm_config_audit_level": "low",
    "npm_config_auth_type": "legacy",
    "npm_config_before": "",
    "npm_config_bin_links": "true",
    "npm_config_browser": "",
    "npm_config_ca": "",
    "npm_config_cache": "C:\\Users\\verha\\AppData\\Roaming\\npm-cache",
    "npm_config_cache_lock_retries": "10",
    "npm_config_cache_lock_stale": "60000",
    "npm_config_cache_lock_wait": "10000",
    "npm_config_cache_max": "Infinity",
    "npm_config_cache_min": "10",
    "npm_config_cafile": "",
    "npm_config_cert": "",
    "npm_config_cidr": "",
    "npm_config_color": "true",
    "npm_config_commit_hooks": "true",
    "npm_config_depth": "Infinity",
    "npm_config_description": "true",
    "npm_config_dev": "",
    "npm_config_dry_run": "",
    "npm_config_editor": "notepad.exe",
    "npm_config_engine_strict": "",
    "npm_config_fetch_retries": "2",
    "npm_config_fetch_retry_factor": "10",
    "npm_config_fetch_retry_maxtimeout": "60000",
    "npm_config_fetch_retry_mintimeout": "10000",
    "npm_config_force": "",
    "npm_config_format_package_lock": "true",
    "npm_config_fund": "true",
    "npm_config_git": "git",
    "npm_config_git_tag_version": "true",
    "npm_config_global": "",
    "npm_config_globalconfig": "C:\\Users\\verha\\AppData\\Roaming\\npm\\etc\\npmrc",
    "npm_config_globalignorefile": "C:\\Users\\verha\\AppData\\Roaming\\npm\\etc\\npmignore",
    "npm_config_global_style": "",
    "npm_config_group": "",
    "npm_config_ham_it_up": "",
    "npm_config_heading": "npm",
    "npm_config_https_proxy": "",
    "npm_config_if_present": "",
    "npm_config_ignore_prepublish": "",
    "npm_config_ignore_scripts": "",
    "npm_config_init_author_email": "",
    "npm_config_init_author_name": "",
    "npm_config_init_author_url": "",
    "npm_config_init_license": "ISC",
    "npm_config_init_module": "C:\\Users\\verha\\.npm-init.js",
    "npm_config_init_version": "1.0.0",
    "npm_config_json": "",
    "npm_config_key": "",
    "npm_config_legacy_bundling": "",
    "npm_config_link": "",
    "npm_config_local_address": "",
    "npm_config_loglevel": "notice",
    "npm_config_logs_max": "10",
    "npm_config_long": "",
    "npm_config_maxsockets": "50",
    "npm_config_message": "%s",
    "npm_config_metrics_registry": "https://registry.npmjs.org/",
    "npm_config_node_gyp": "C:\\Users\\verha\\AppData\\Roaming\\nvm\\v13.8.0\\node_modules\\npm\\node_modules\\node-gyp\\bin\\node-gyp.js",
    "npm_config_node_options": "",
    "npm_config_node_version": "13.8.0",
    "npm_config_noproxy": "",
    "npm_config_offline": "",
    "npm_config_onload_script": "",
    "npm_config_only": "",
    "npm_config_optional": "true",
    "npm_config_otp": "",
    "npm_config_package_lock": "true",
    "npm_config_package_lock_only": "",
    "npm_config_parseable": "",
    "npm_config_prefer_offline": "",
    "npm_config_prefer_online": "",
    "npm_config_prefix": "C:\\Users\\verha\\AppData\\Roaming\\npm",
    "npm_config_preid": "",
    "npm_config_production": "",
    "npm_config_progress": "true",
    "npm_config_proxy": "",
    "npm_config_read_only": "",
    "npm_config_rebuild_bundle": "true",
    "npm_config_registry": "https://registry.npmjs.org/",
    "npm_config_rollback": "true",
    "npm_config_save": "true",
    "npm_config_save_bundle": "",
    "npm_config_save_dev": "",
    "npm_config_save_exact": "",
    "npm_config_save_optional": "",
    "npm_config_save_prefix": "^",
    "npm_config_save_prod": "",
    "npm_config_scope": "",
    "npm_config_scripts_prepend_node_path": "warn-only",
    "npm_config_script_shell": "",
    "npm_config_searchexclude": "",
    "npm_config_searchlimit": "20",
    "npm_config_searchopts": "",
    "npm_config_searchstaleness": "900",
    "npm_config_send_metrics": "",
    "npm_config_shell": "C:\\Windows\\system32\\cmd.exe",
    "npm_config_shrinkwrap": "true",
    "npm_config_sign_git_commit": "",
    "npm_config_sign_git_tag": "",
    "npm_config_sso_poll_frequency": "500",
    "npm_config_sso_type": "oauth",
    "npm_config_strict_ssl": "true",
    "npm_config_tag": "latest",
    "npm_config_tag_version_prefix": "v",
    "npm_config_timing": "",
    "npm_config_tmp": "C:\\Users\\verha\\AppData\\Local\\Temp",
    "npm_config_umask": "0000",
    "npm_config_unicode": "",
    "npm_config_unsafe_perm": "true",
    "npm_config_update_notifier": "true",
    "npm_config_usage": "",
    "npm_config_user": "",
    "npm_config_userconfig": "C:\\Users\\verha\\.npmrc",
    "npm_config_user_agent": "npm/6.14.4 node/v13.8.0 win32 x64",
    "npm_config_version": "",
    "npm_config_versions": "",
    "npm_config_viewer": "browser",
    "npm_execpath": "C:\\Users\\verha\\AppData\\Roaming\\nvm\\v13.8.0\\node_modules\\npm\\bin\\npm-cli.js",
    "npm_lifecycle_event": "serve",
    "npm_lifecycle_script": "browser-sync start --server --files \"dist/css/*.css, dist/js/*.js, **/*.html, !node_modules/**/*.html\"",
    "npm_node_execpath": "C:\\Program Files\\nodejs\\node.exe",
    "npm_package_author_email": "pasqualevitiello@gmail.com",
    "npm_package_author_name": "Pasquale Vitiello",
    "npm_package_bugs_url": "https://bitbucket.org/pasqualevitiello/evelyn/issues",
    "npm_package_description": "Evelyn Template",
    "npm_package_devDependencies_autoprefixer": "^9.0.1",
    "npm_package_devDependencies_browser_sync": "^2.12.8",
    "npm_package_devDependencies_eslint": "^5.2.0",
    "npm_package_devDependencies_eslint_config_standard": "^12.0.0",
    "npm_package_devDependencies_eslint_plugin_import": "^2.14.0",
    "npm_package_devDependencies_eslint_plugin_node": "^7.0.1",
    "npm_package_devDependencies_eslint_plugin_promise": "^3.8.0",
    "npm_package_devDependencies_eslint_plugin_standard": "^3.1.0",
    "npm_package_devDependencies_imagemin_cli": "^3.0.0",
    "npm_package_devDependencies_mkdirp": "^0.5.1",
    "npm_package_devDependencies_node_sass": "^4.9.2",
    "npm_package_devDependencies_npm_run_all": "^4.1.3",
    "npm_package_devDependencies_onchange": "^4.1.0",
    "npm_package_devDependencies_postcss_cli": "^6.0.0",
    "npm_package_devDependencies_rimraf": "^2.5.4",
    "npm_package_devDependencies_stylelint": "^9.4.0",
    "npm_package_devDependencies_uglify_es": "^3.3.10",
    "npm_package_homepage": "https://bitbucket.org/pasqualevitiello/evelyn#readme",
    "npm_package_license": "GPLv3",
    "npm_package_main": ".eslintrc.js",
    "npm_package_name": "evelyn",
    "npm_package_readmeFilename": "README.md",
    "npm_package_repository_type": "git",
    "npm_package_repository_url": "git+https://bitbucket.org/pasqualevitiello/evelyn.git",
    "npm_package_scripts_autoprefixer": "postcss -u autoprefixer -r dist/css/*",
    "npm_package_scripts_build": "run-s build:*",
    "npm_package_scripts_build_css": "run-s lint-scss scss autoprefixer",
    "npm_package_scripts_build_images": "run-s imagemin",
    "npm_package_scripts_build_js": "run-s lint uglify",
    "npm_package_scripts_clean": "rimraf dist/{css/*,js/*,images/*}",
    "npm_package_scripts_imagemin": "imagemin src/images/* -o dist/images",
    "npm_package_scripts_lint": "eslint src/js || true",
    "npm_package_scripts_lint_scss": "stylelint src/scss/*.scss --syntax scss || true",
    "npm_package_scripts_postinstall": "run-s build watch",
    "npm_package_scripts_scss": "node-sass --output-style compressed -o dist/css src/scss",
    "npm_package_scripts_serve": "browser-sync start --server --files \"dist/css/*.css, dist/js/*.js, **/*.html, !node_modules/**/*.html\"",
    "npm_package_scripts_uglify": "mkdirp dist/js -p && uglifyjs src/js/*.js -m -c -o dist/js/main.min.js",
    "npm_package_scripts_watch": "run-p serve watch:*",
    "npm_package_scripts_watch_css": "onchange \"src/scss\" -- run-s build:css",
    "npm_package_scripts_watch_images": "onchange \"src/images\" -- run-s build:images",
    "npm_package_scripts_watch_js": "onchange \"src/js\" -- run-s build:js",
    "npm_package_version": "1.0.0",
    "NPM_PREFIX_NPM_CLI_JS": "C:\\Users\\verha\\AppData\\Roaming\\npm\\node_modules\\npm\\bin\\npm-cli.js",
    "NUMBER_OF_PROCESSORS": "8",
    "NVM_HOME": "C:\\Users\\verha\\AppData\\Roaming\\nvm",
    "NVM_SYMLINK": "C:\\Program Files\\nodejs",
    "OneDrive": "C:\\Users\\verha\\OneDrive",
    "OneDriveConsumer": "C:\\Users\\verha\\OneDrive",
    "OS": "Windows_NT",
    "Path": "C:\\Users\\verha\\AppData\\Roaming\\nvm\\v13.8.0\\node_modules\\npm\\node_modules\\npm-lifecycle\\node-gyp-bin;C:\\Users\\verha\\Google Drive\\2MCT\\Concept Visualisation\\Eindopdracht\\evelyn\\evelyn\\node_modules\\.bin;C:\\Users\\verha\\AppData\\Roaming\\nvm\\v13.8.0\\node_modules\\npm\\node_modules\\npm-lifecycle\\node-gyp-bin;C:\\Users\\verha\\Google Drive\\2MCT\\Concept Visualisation\\Eindopdracht\\evelyn\\evelyn\\node_modules\\.bin;C:\\Users\\verha\\AppData\\Roaming\\nvm\\v13.8.0\\node_modules\\npm\\node_modules\\npm-lifecycle\\node-gyp-bin;C:\\Users\\verha\\Google Drive\\2MCT\\Concept Visualisation\\Eindopdracht\\evelyn\\evelyn\\node_modules\\.bin;C:\\Python38\\Scripts\\;C:\\Python38\\;C:\\Program Files (x86)\\Common Files\\Intel\\Shared Libraries\\redist\\intel64\\compiler;C:\\Windows\\system32;C:\\Windows;C:\\Windows\\System32\\Wbem;C:\\Windows\\System32\\WindowsPowerShell\\v1.0\\;C:\\Windows\\System32\\OpenSSH\\;C:\\Program Files\\Git\\cmd;C:\\Users\\verha\\AppData\\Roaming\\nvm;C:\\Program Files\\nodejs;C:\\Program Files\\dotnet\\;C:\\Program Files\\Microsoft SQL Server\\130\\Tools\\Binn\\;C:\\Program Files\\Microsoft SQL Server\\Client SDK\\ODBC\\170\\Tools\\Binn\\;C:\\Program Files (x86)\\Microsoft SQL Server\\150\\DTS\\Binn\\;C:\\Program Files\\nodejs\\;C:\\ProgramData\\chocolatey\\bin;C:\\Users\\verha\\AppData\\Local\\Microsoft\\WindowsApps;C:\\Users\\verha\\AppData\\Local\\Programs\\Microsoft VS Code\\bin;C:\\Users\\verha\\AppData\\Roaming\\nvm;C:\\Program Files\\nodejs;C:\\Users\\verha\\AppData\\Roaming\\npm",
    "PATHEXT": ".COM;.EXE;.BAT;.CMD;.VBS;.VBE;.JSE;.WSF;.WSH;.MSC;.PY;.PYW;.CPL",
    "PROCESSOR_ARCHITECTURE": "AMD64",
    "PROCESSOR_IDENTIFIER": "Intel64 Family 6 Model 94 Stepping 3, GenuineIntel",
    "PROCESSOR_LEVEL": "6",
    "PROCESSOR_REVISION": "5e03",
    "ProgramData": "C:\\ProgramData",
    "ProgramFiles": "C:\\Program Files",
    "ProgramFiles(x86)": "C:\\Program Files (x86)",
    "ProgramW6432": "C:\\Program Files",
    "PROMPT": "$P$G",
    "PSModulePath": "C:\\Users\\verha\\Documents\\WindowsPowerShell\\Modules;C:\\Program Files\\WindowsPowerShell\\Modules;C:\\Windows\\system32\\WindowsPowerShell\\v1.0\\Modules",
    "PUBLIC": "C:\\Users\\Public",
    "SESSIONNAME": "Console",
    "SystemDrive": "C:",
    "SystemRoot": "C:\\Windows",
    "TEMP": "C:\\Users\\verha\\AppData\\Local\\Temp",
    "TERM_PROGRAM": "vscode",
    "TERM_PROGRAM_VERSION": "1.44.2",
    "TMP": "C:\\Users\\verha\\AppData\\Local\\Temp",
    "USERDOMAIN": "DESKTOP-LVIFQMR",
    "USERDOMAIN_ROAMINGPROFILE": "DESKTOP-LVIFQMR",
    "USERNAME": "verha",
    "USERPROFILE": "C:\\Users\\verha",
    "windir": "C:\\Windows",
    "_prog": "node"
  },
  "sharedObjects": [
    "C:\\Program Files\\nodejs\\node.exe",
    "C:\\Windows\\SYSTEM32\\ntdll.dll",
    "C:\\Windows\\System32\\KERNEL32.DLL",
    "C:\\Windows\\System32\\KERNELBASE.dll",
    "C:\\Windows\\System32\\WS2_32.dll",
    "C:\\Windows\\SYSTEM32\\dbghelp.dll",
    "C:\\Windows\\System32\\RPCRT4.dll",
    "C:\\Windows\\System32\\ucrtbase.dll",
    "C:\\Windows\\System32\\PSAPI.DLL",
    "C:\\Windows\\System32\\ADVAPI32.dll",
    "C:\\Windows\\System32\\msvcrt.dll",
    "C:\\Windows\\System32\\sechost.dll",
    "C:\\Windows\\SYSTEM32\\IPHLPAPI.DLL",
    "C:\\Windows\\SYSTEM32\\USERENV.dll",
    "C:\\Windows\\System32\\USER32.dll",
    "C:\\Windows\\System32\\win32u.dll",
    "C:\\Windows\\System32\\profapi.dll",
    "C:\\Windows\\System32\\GDI32.dll",
    "C:\\Windows\\System32\\gdi32full.dll",
    "C:\\Windows\\System32\\msvcp_win.dll",
    "C:\\Windows\\System32\\CRYPT32.dll",
    "C:\\Windows\\System32\\MSASN1.dll",
    "C:\\Windows\\System32\\bcrypt.dll",
    "C:\\Windows\\SYSTEM32\\WINMM.dll",
    "C:\\Windows\\SYSTEM32\\WINMMBASE.dll",
    "C:\\Windows\\System32\\cfgmgr32.dll",
    "C:\\Windows\\System32\\bcryptPrimitives.dll",
    "C:\\Windows\\System32\\IMM32.DLL",
    "C:\\Windows\\System32\\powrprof.dll",
    "C:\\Windows\\System32\\UMPDC.dll",
    "C:\\Windows\\SYSTEM32\\CRYPTBASE.DLL",
    "C:\\Windows\\system32\\uxtheme.dll",
    "C:\\Windows\\System32\\combase.dll",
    "C:\\Windows\\system32\\mswsock.dll",
    "C:\\Windows\\System32\\kernel.appcore.dll",
    "C:\\Windows\\System32\\NSI.dll",
    "C:\\Windows\\SYSTEM32\\dhcpcsvc6.DLL",
    "C:\\Windows\\SYSTEM32\\dhcpcsvc.DLL",
    "C:\\Windows\\SYSTEM32\\DNSAPI.dll",
    "C:\\Windows\\system32\\napinsp.dll",
    "C:\\Windows\\system32\\pnrpnsp.dll",
    "C:\\Windows\\system32\\wshbth.dll",
    "C:\\Windows\\system32\\NLAapi.dll",
    "C:\\Windows\\System32\\winrnr.dll"
  ]
}